Sl no.,District Name,Market Name,Commodity,Variety,Grade,Min Price (Rs./Quintal),Max Price (Rs./Quintal),Modal Price (Rs./Quintal),Price Date
1,Coimbatore,RSPuram(Uzhavar Sandhai ),Apple,American,Local,10000,14000,14000,01-Nov-20
2,Coimbatore,RSPuram(Uzhavar Sandhai ),Apple,American,Local,10000,14000,14000,02-Nov-20
3,Coimbatore,RSPuram(Uzhavar Sandhai ),Apple,American,Local,10000,14000,14000,03-Nov-20
4,Coimbatore,RSPuram(Uzhavar Sandhai ),Apple,American,Local,10000,14000,14000,04-Nov-20
5,Coimbatore,RSPuram(Uzhavar Sandhai ),Apple,American,Local,10000,14000,14000,04-Oct-20
6,Coimbatore,RSPuram(Uzhavar Sandhai ),Apple,American,Local,10000,14000,14000,05-Nov-20
7,Coimbatore,RSPuram(Uzhavar Sandhai ),Apple,American,Local,10000,14000,14000,05-Oct-20
8,Coimbatore,RSPuram(Uzhavar Sandhai ),Apple,American,Local,10000,14000,14000,06-Nov-20
9,Coimbatore,RSPuram(Uzhavar Sandhai ),Apple,American,Local,10000,14000,14000,06-Oct-20
10,Coimbatore,RSPuram(Uzhavar Sandhai ),Apple,American,Local,10000,14000,14000,07-Oct-20
11,Coimbatore,RSPuram(Uzhavar Sandhai ),Apple,American,Local,10000,14000,14000,08-Oct-20
12,Coimbatore,RSPuram(Uzhavar Sandhai ),Apple,American,Local,10000,14000,14000,14-Oct-20
13,Coimbatore,RSPuram(Uzhavar Sandhai ),Apple,American,Local,10000,14000,14000,15-Oct-20
14,Coimbatore,RSPuram(Uzhavar Sandhai ),Apple,American,Local,10000,14000,14000,16-Oct-20
15,Coimbatore,RSPuram(Uzhavar Sandhai ),Apple,American,Local,10000,14000,14000,17-Oct-20
16,Coimbatore,RSPuram(Uzhavar Sandhai ),Apple,American,Local,10000,14000,14000,18-Oct-20
17,Coimbatore,RSPuram(Uzhavar Sandhai ),Apple,American,Local,10000,14000,14000,19-Oct-20
18,Coimbatore,RSPuram(Uzhavar Sandhai ),Apple,American,Local,10000,14000,14000,20-Oct-20
19,Coimbatore,RSPuram(Uzhavar Sandhai ),Apple,American,Local,10000,14000,14000,21-Oct-20
20,Coimbatore,RSPuram(Uzhavar Sandhai ),Apple,American,Local,10000,14000,14000,22-Oct-20
21,Coimbatore,RSPuram(Uzhavar Sandhai ),Apple,American,Local,10000,14000,14000,23-Oct-20
22,Coimbatore,RSPuram(Uzhavar Sandhai ),Apple,American,Local,10000,14000,14000,24-Oct-20
23,Coimbatore,RSPuram(Uzhavar Sandhai ),Apple,American,Local,10000,14000,14000,25-Oct-20
24,Coimbatore,RSPuram(Uzhavar Sandhai ),Apple,American,Local,10000,14000,14000,26-Oct-20
25,Coimbatore,RSPuram(Uzhavar Sandhai ),Apple,American,Local,10000,14000,14000,27-Oct-20
26,Coimbatore,RSPuram(Uzhavar Sandhai ),Apple,American,Local,10000,14000,14000,28-Oct-20
27,Coimbatore,RSPuram(Uzhavar Sandhai ),Apple,American,Local,10000,14000,14000,29-Oct-20
28,Coimbatore,RSPuram(Uzhavar Sandhai ),Apple,American,Local,10000,14000,14000,30-Oct-20
29,Coimbatore,RSPuram(Uzhavar Sandhai ),Apple,American,Local,10000,14000,14000,31-Oct-20
30,Coimbatore,RSPuram(Uzhavar Sandhai ),Apple,American,Local,10000,15000,15000,09-Oct-20
31,Coimbatore,RSPuram(Uzhavar Sandhai ),Apple,American,Local,10000,15000,15000,10-Oct-20
32,Coimbatore,RSPuram(Uzhavar Sandhai ),Apple,American,Local,10000,15000,15000,11-Oct-20
33,Coimbatore,RSPuram(Uzhavar Sandhai ),Apple,American,Local,10000,15000,15000,12-Oct-20
34,Coimbatore,RSPuram(Uzhavar Sandhai ),Apple,American,Local,10000,15000,15000,13-Oct-20
35,Coimbatore,RSPuram(Uzhavar Sandhai ),Apple,American,Local,14000,20000,20000,02-Dec-20
36,Coimbatore,RSPuram(Uzhavar Sandhai ),Apple,American,Local,14000,20000,20000,03-Dec-20
37,Coimbatore,RSPuram(Uzhavar Sandhai ),Apple,American,Local,14000,20000,20000,04-Dec-20
38,Coimbatore,RSPuram(Uzhavar Sandhai ),Apple,American,Local,14000,20000,20000,05-Dec-20
39,Coimbatore,RSPuram(Uzhavar Sandhai ),Apple,American,Local,14000,20000,20000,06-Dec-20
40,Coimbatore,RSPuram(Uzhavar Sandhai ),Apple,American,Local,14000,20000,20000,07-Dec-20
41,Coimbatore,RSPuram(Uzhavar Sandhai ),Apple,American,Local,14000,20000,20000,07-Nov-20
42,Coimbatore,RSPuram(Uzhavar Sandhai ),Apple,American,Local,14000,20000,20000,08-Dec-20
43,Coimbatore,RSPuram(Uzhavar Sandhai ),Apple,American,Local,14000,20000,20000,08-Nov-20
44,Coimbatore,RSPuram(Uzhavar Sandhai ),Apple,American,Local,14000,20000,20000,09-Dec-20
45,Coimbatore,RSPuram(Uzhavar Sandhai ),Apple,American,Local,14000,20000,20000,09-Nov-20
46,Coimbatore,RSPuram(Uzhavar Sandhai ),Apple,American,Local,14000,20000,20000,10-Dec-20
47,Coimbatore,RSPuram(Uzhavar Sandhai ),Apple,American,Local,14000,20000,20000,10-Nov-20
48,Coimbatore,RSPuram(Uzhavar Sandhai ),Apple,American,Local,14000,20000,20000,11-Dec-20
49,Coimbatore,RSPuram(Uzhavar Sandhai ),Apple,American,Local,14000,20000,20000,11-Nov-20
50,Coimbatore,RSPuram(Uzhavar Sandhai ),Apple,American,Local,14000,20000,20000,12-Dec-20
51,Coimbatore,RSPuram(Uzhavar Sandhai ),Apple,American,Local,14000,20000,20000,12-Nov-20
52,Coimbatore,RSPuram(Uzhavar Sandhai ),Apple,American,Local,14000,20000,20000,13-Dec-20
53,Coimbatore,RSPuram(Uzhavar Sandhai ),Apple,American,Local,14000,20000,20000,13-Nov-20
54,Coimbatore,RSPuram(Uzhavar Sandhai ),Apple,American,Local,14000,20000,20000,14-Dec-20
55,Coimbatore,RSPuram(Uzhavar Sandhai ),Apple,American,Local,14000,20000,20000,14-Nov-20
56,Coimbatore,RSPuram(Uzhavar Sandhai ),Apple,American,Local,14000,20000,20000,15-Dec-20
57,Coimbatore,RSPuram(Uzhavar Sandhai ),Apple,American,Local,14000,20000,20000,15-Nov-20
58,Coimbatore,RSPuram(Uzhavar Sandhai ),Apple,American,Local,14000,20000,20000,16-Dec-20
59,Coimbatore,RSPuram(Uzhavar Sandhai ),Apple,American,Local,14000,20000,20000,16-Nov-20
60,Coimbatore,RSPuram(Uzhavar Sandhai ),Apple,American,Local,14000,20000,20000,17-Dec-20
61,Coimbatore,RSPuram(Uzhavar Sandhai ),Apple,American,Local,14000,20000,20000,17-Nov-20
62,Coimbatore,RSPuram(Uzhavar Sandhai ),Apple,American,Local,14000,20000,20000,18-Dec-20
63,Coimbatore,RSPuram(Uzhavar Sandhai ),Apple,American,Local,14000,20000,20000,18-Nov-20
64,Coimbatore,RSPuram(Uzhavar Sandhai ),Apple,American,Local,14000,20000,20000,19-Dec-20
65,Coimbatore,RSPuram(Uzhavar Sandhai ),Apple,American,Local,14000,20000,20000,19-Nov-20
66,Coimbatore,RSPuram(Uzhavar Sandhai ),Apple,American,Local,14000,20000,20000,20-Dec-20
67,Coimbatore,RSPuram(Uzhavar Sandhai ),Apple,American,Local,14000,20000,20000,20-Nov-20
68,Coimbatore,RSPuram(Uzhavar Sandhai ),Apple,American,Local,14000,20000,20000,21-Dec-20
69,Coimbatore,RSPuram(Uzhavar Sandhai ),Apple,American,Local,14000,20000,20000,21-Nov-20
70,Coimbatore,RSPuram(Uzhavar Sandhai ),Apple,American,Local,14000,20000,20000,22-Dec-20
71,Coimbatore,RSPuram(Uzhavar Sandhai ),Apple,American,Local,14000,20000,20000,22-Nov-20
72,Coimbatore,RSPuram(Uzhavar Sandhai ),Apple,American,Local,14000,20000,20000,23-Dec-20
73,Coimbatore,RSPuram(Uzhavar Sandhai ),Apple,American,Local,14000,20000,20000,23-Nov-20
74,Coimbatore,RSPuram(Uzhavar Sandhai ),Apple,American,Local,14000,20000,20000,24-Dec-20
75,Coimbatore,RSPuram(Uzhavar Sandhai ),Apple,American,Local,14000,20000,20000,24-Nov-20
76,Coimbatore,RSPuram(Uzhavar Sandhai ),Apple,American,Local,14000,20000,20000,25-Dec-20
77,Coimbatore,RSPuram(Uzhavar Sandhai ),Apple,American,Local,14000,20000,20000,25-Nov-20
78,Coimbatore,RSPuram(Uzhavar Sandhai ),Apple,American,Local,14000,20000,20000,26-Dec-20
79,Coimbatore,RSPuram(Uzhavar Sandhai ),Apple,American,Local,14000,20000,20000,26-Nov-20
80,Coimbatore,RSPuram(Uzhavar Sandhai ),Apple,American,Local,14000,20000,20000,27-Dec-20
81,Coimbatore,RSPuram(Uzhavar Sandhai ),Apple,American,Local,14000,20000,20000,27-Nov-20
82,Coimbatore,RSPuram(Uzhavar Sandhai ),Apple,American,Local,14000,20000,20000,28-Dec-20
83,Coimbatore,RSPuram(Uzhavar Sandhai ),Apple,American,Local,14000,20000,20000,28-Nov-20
84,Coimbatore,RSPuram(Uzhavar Sandhai ),Apple,American,Local,14000,20000,20000,29-Dec-20
85,Coimbatore,RSPuram(Uzhavar Sandhai ),Apple,American,Local,14000,20000,20000,29-Nov-20
86,Coimbatore,RSPuram(Uzhavar Sandhai ),Apple,American,Local,14000,20000,20000,30-Dec-20
87,Coimbatore,RSPuram(Uzhavar Sandhai ),Apple,American,Local,14000,20000,20000,31-Dec-20
88,Coimbatore,RSPuram(Uzhavar Sandhai ),Apple,American,Local,20000,24000,24000,01-Aug-20
89,Coimbatore,RSPuram(Uzhavar Sandhai ),Apple,American,Local,20000,24000,24000,01-Oct-20
90,Coimbatore,RSPuram(Uzhavar Sandhai ),Apple,American,Local,20000,24000,24000,01-Sep-20
91,Coimbatore,RSPuram(Uzhavar Sandhai ),Apple,American,Local,20000,24000,24000,02-Aug-20
92,Coimbatore,RSPuram(Uzhavar Sandhai ),Apple,American,Local,20000,24000,24000,02-Oct-20
93,Coimbatore,RSPuram(Uzhavar Sandhai ),Apple,American,Local,20000,24000,24000,02-Sep-20
94,Coimbatore,RSPuram(Uzhavar Sandhai ),Apple,American,Local,20000,24000,24000,03-Aug-20
95,Coimbatore,RSPuram(Uzhavar Sandhai ),Apple,American,Local,20000,24000,24000,03-Oct-20
96,Coimbatore,RSPuram(Uzhavar Sandhai ),Apple,American,Local,20000,24000,24000,03-Sep-20
97,Coimbatore,RSPuram(Uzhavar Sandhai ),Apple,American,Local,20000,24000,24000,04-Aug-20
98,Coimbatore,RSPuram(Uzhavar Sandhai ),Apple,American,Local,20000,24000,24000,04-Sep-20
99,Coimbatore,RSPuram(Uzhavar Sandhai ),Apple,American,Local,20000,24000,24000,05-Aug-20
100,Coimbatore,RSPuram(Uzhavar Sandhai ),Apple,American,Local,20000,24000,24000,05-Sep-20
101,Coimbatore,RSPuram(Uzhavar Sandhai ),Apple,American,Local,20000,24000,24000,06-Aug-21
102,Coimbatore,RSPuram(Uzhavar Sandhai ),Apple,American,Local,20000,24000,24000,06-Sep-21
103,Coimbatore,RSPuram(Uzhavar Sandhai ),Apple,American,Local,20000,24000,24000,07-Aug-21
104,Coimbatore,RSPuram(Uzhavar Sandhai ),Apple,American,Local,20000,24000,24000,07-Sep-21
105,Coimbatore,RSPuram(Uzhavar Sandhai ),Apple,American,Local,20000,24000,24000,08-Aug-21
106,Coimbatore,RSPuram(Uzhavar Sandhai ),Apple,American,Local,20000,24000,24000,08-Sep-21
107,Coimbatore,RSPuram(Uzhavar Sandhai ),Apple,American,Local,20000,24000,24000,09-Aug-21
108,Coimbatore,RSPuram(Uzhavar Sandhai ),Apple,American,Local,20000,24000,24000,09-Sep-21
109,Coimbatore,RSPuram(Uzhavar Sandhai ),Apple,American,Local,20000,24000,24000,10-Aug-21
110,Coimbatore,RSPuram(Uzhavar Sandhai ),Apple,American,Local,20000,24000,24000,10-Sep-21
111,Coimbatore,RSPuram(Uzhavar Sandhai ),Apple,American,Local,20000,24000,24000,11-Aug-21
112,Coimbatore,RSPuram(Uzhavar Sandhai ),Apple,American,Local,20000,24000,24000,11-Sep-21
113,Coimbatore,RSPuram(Uzhavar Sandhai ),Apple,American,Local,20000,24000,24000,12-Aug-21
114,Coimbatore,RSPuram(Uzhavar Sandhai ),Apple,American,Local,20000,24000,24000,12-Sep-21
115,Coimbatore,RSPuram(Uzhavar Sandhai ),Apple,American,Local,20000,24000,24000,13-Aug-21
116,Coimbatore,RSPuram(Uzhavar Sandhai ),Apple,American,Local,20000,24000,24000,13-Sep-21
117,Coimbatore,RSPuram(Uzhavar Sandhai ),Apple,American,Local,20000,24000,24000,14-Aug-21
118,Coimbatore,RSPuram(Uzhavar Sandhai ),Apple,American,Local,20000,24000,24000,14-Sep-21
119,Coimbatore,RSPuram(Uzhavar Sandhai ),Apple,American,Local,20000,24000,24000,15-Aug-21
120,Coimbatore,RSPuram(Uzhavar Sandhai ),Apple,American,Local,20000,24000,24000,15-Sep-21
121,Coimbatore,RSPuram(Uzhavar Sandhai ),Apple,American,Local,20000,24000,24000,16-Aug-21
122,Coimbatore,RSPuram(Uzhavar Sandhai ),Apple,American,Local,20000,24000,24000,16-Jul-21
123,Coimbatore,RSPuram(Uzhavar Sandhai ),Apple,American,Local,20000,24000,24000,16-Sep-21
124,Coimbatore,RSPuram(Uzhavar Sandhai ),Apple,American,Local,20000,24000,24000,17-Aug-21
125,Coimbatore,RSPuram(Uzhavar Sandhai ),Apple,American,Local,20000,24000,24000,17-Jul-21
126,Coimbatore,RSPuram(Uzhavar Sandhai ),Apple,American,Local,20000,24000,24000,17-Sep-21
127,Coimbatore,RSPuram(Uzhavar Sandhai ),Apple,American,Local,20000,24000,24000,18-Aug-21
128,Coimbatore,RSPuram(Uzhavar Sandhai ),Apple,American,Local,20000,24000,24000,18-Jul-21
129,Coimbatore,RSPuram(Uzhavar Sandhai ),Apple,American,Local,20000,24000,24000,18-Sep-21
130,Coimbatore,RSPuram(Uzhavar Sandhai ),Apple,American,Local,20000,24000,24000,19-Aug-21
131,Coimbatore,RSPuram(Uzhavar Sandhai ),Apple,American,Local,20000,24000,24000,19-Jul-21
132,Coimbatore,RSPuram(Uzhavar Sandhai ),Apple,American,Local,20000,24000,24000,19-Sep-21
133,Coimbatore,RSPuram(Uzhavar Sandhai ),Apple,American,Local,20000,24000,24000,20-Aug-21
134,Coimbatore,RSPuram(Uzhavar Sandhai ),Apple,American,Local,20000,24000,24000,20-Jul-21
135,Coimbatore,RSPuram(Uzhavar Sandhai ),Apple,American,Local,20000,24000,24000,20-Sep-21
136,Coimbatore,RSPuram(Uzhavar Sandhai ),Apple,American,Local,20000,24000,24000,21-Aug-21
137,Coimbatore,RSPuram(Uzhavar Sandhai ),Apple,American,Local,20000,24000,24000,21-Jul-21
138,Coimbatore,RSPuram(Uzhavar Sandhai ),Apple,American,Local,20000,24000,24000,21-Sep-21
139,Coimbatore,RSPuram(Uzhavar Sandhai ),Apple,American,Local,20000,24000,24000,22-Aug-21
140,Coimbatore,RSPuram(Uzhavar Sandhai ),Apple,American,Local,20000,24000,24000,22-Jul-21
141,Coimbatore,RSPuram(Uzhavar Sandhai ),Apple,American,Local,20000,24000,24000,22-Sep-21
142,Coimbatore,RSPuram(Uzhavar Sandhai ),Apple,American,Local,20000,24000,24000,23-Aug-21
143,Coimbatore,RSPuram(Uzhavar Sandhai ),Apple,American,Local,20000,24000,24000,23-Jul-21
144,Coimbatore,RSPuram(Uzhavar Sandhai ),Apple,American,Local,20000,24000,24000,23-Sep-21
145,Coimbatore,RSPuram(Uzhavar Sandhai ),Apple,American,Local,20000,24000,24000,24-Aug-21
146,Coimbatore,RSPuram(Uzhavar Sandhai ),Apple,American,Local,20000,24000,24000,24-Jul-21
147,Coimbatore,RSPuram(Uzhavar Sandhai ),Apple,American,Local,20000,24000,24000,24-Sep-21
148,Coimbatore,RSPuram(Uzhavar Sandhai ),Apple,American,Local,20000,24000,24000,25-Aug-21
149,Coimbatore,RSPuram(Uzhavar Sandhai ),Apple,American,Local,20000,24000,24000,25-Jul-21
150,Coimbatore,RSPuram(Uzhavar Sandhai ),Apple,American,Local,20000,24000,24000,25-Sep-21
151,Coimbatore,RSPuram(Uzhavar Sandhai ),Apple,American,Local,20000,24000,24000,26-Aug-21
152,Coimbatore,RSPuram(Uzhavar Sandhai ),Apple,American,Local,20000,24000,24000,26-Jul-21
153,Coimbatore,RSPuram(Uzhavar Sandhai ),Apple,American,Local,20000,24000,24000,26-Sep-21
154,Coimbatore,RSPuram(Uzhavar Sandhai ),Apple,American,Local,20000,24000,24000,27-Aug-21
155,Coimbatore,RSPuram(Uzhavar Sandhai ),Apple,American,Local,20000,24000,24000,27-Jul-21
156,Coimbatore,RSPuram(Uzhavar Sandhai ),Apple,American,Local,20000,24000,24000,27-Sep-21
157,Coimbatore,RSPuram(Uzhavar Sandhai ),Apple,American,Local,20000,24000,24000,28-Aug-21
158,Coimbatore,RSPuram(Uzhavar Sandhai ),Apple,American,Local,20000,24000,24000,28-Jul-21
159,Coimbatore,RSPuram(Uzhavar Sandhai ),Apple,American,Local,20000,24000,24000,28-Sep-21
160,Coimbatore,RSPuram(Uzhavar Sandhai ),Apple,American,Local,20000,24000,24000,29-Aug-21
161,Coimbatore,RSPuram(Uzhavar Sandhai ),Apple,American,Local,20000,24000,24000,29-Jul-21
162,Coimbatore,RSPuram(Uzhavar Sandhai ),Apple,American,Local,20000,24000,24000,29-Sep-21
163,Coimbatore,RSPuram(Uzhavar Sandhai ),Apple,American,Local,20000,24000,24000,30-Aug-21
164,Coimbatore,RSPuram(Uzhavar Sandhai ),Apple,American,Local,20000,24000,24000,30-Jul-21
165,Coimbatore,RSPuram(Uzhavar Sandhai ),Apple,American,Local,20000,24000,24000,30-Sep-21
166,Coimbatore,RSPuram(Uzhavar Sandhai ),Apple,American,Local,20000,24000,24000,31-Aug-21
167,Coimbatore,RSPuram(Uzhavar Sandhai ),Apple,American,Local,20000,24000,24000,31-Jul-21
168,Coimbatore,Singanallur(Uzhavar Sandhai ),Apple,American,Local,10000,12000,12000,19-Oct-21
169,Coimbatore,Singanallur(Uzhavar Sandhai ),Apple,American,Local,10000,14000,14000,06-Nov-21
170,Coimbatore,Singanallur(Uzhavar Sandhai ),Apple,American,Local,10000,14000,14000,11-Nov-21
171,Coimbatore,Singanallur(Uzhavar Sandhai ),Apple,American,Local,10000,14000,14000,31-Oct-21
172,Coimbatore,Singanallur(Uzhavar Sandhai ),Apple,American,Local,11000,12000,12000,06-Oct-21
173,Coimbatore,Singanallur(Uzhavar Sandhai ),Apple,American,Local,11000,12000,12000,07-Oct-21
174,Coimbatore,Singanallur(Uzhavar Sandhai ),Apple,American,Local,11000,12000,12000,08-Oct-21
175,Coimbatore,Singanallur(Uzhavar Sandhai ),Apple,American,Local,11000,12000,12000,09-Oct-21
176,Coimbatore,Singanallur(Uzhavar Sandhai ),Apple,American,Local,11000,12000,12000,10-Oct-21
177,Coimbatore,Singanallur(Uzhavar Sandhai ),Apple,American,Local,11000,12000,12000,17-Oct-21
178,Coimbatore,Singanallur(Uzhavar Sandhai ),Apple,American,Local,11000,12000,12000,18-Oct-21
179,Coimbatore,Singanallur(Uzhavar Sandhai ),Apple,American,Local,11000,12000,12000,20-Oct-21
180,Coimbatore,Singanallur(Uzhavar Sandhai ),Apple,American,Local,11000,15000,15000,04-Oct-21
181,Coimbatore,Singanallur(Uzhavar Sandhai ),Apple,American,Local,12000,14000,14000,07-Nov-21
182,Coimbatore,Singanallur(Uzhavar Sandhai ),Apple,American,Local,12000,14000,14000,09-Nov-21
183,Coimbatore,Singanallur(Uzhavar Sandhai ),Apple,American,Local,12000,14000,14000,12-Nov-21
184,Coimbatore,Singanallur(Uzhavar Sandhai ),Apple,American,Local,12000,14000,14000,27-Oct-21
185,Coimbatore,Singanallur(Uzhavar Sandhai ),Apple,American,Local,12000,14000,14000,28-Oct-21
186,Coimbatore,Singanallur(Uzhavar Sandhai ),Apple,American,Local,12000,14000,14000,29-Oct-21
187,Coimbatore,Singanallur(Uzhavar Sandhai ),Apple,American,Local,12000,14000,14000,30-Oct-21
188,Coimbatore,Singanallur(Uzhavar Sandhai ),Apple,American,Local,12000,15000,15000,03-Nov-21
189,Coimbatore,Singanallur(Uzhavar Sandhai ),Apple,American,Local,12000,15000,15000,04-Nov-21
190,Coimbatore,Singanallur(Uzhavar Sandhai ),Apple,American,Local,12000,15000,15000,05-Nov-21
191,Coimbatore,Singanallur(Uzhavar Sandhai ),Apple,American,Local,12000,15000,15000,05-Oct-21
192,Coimbatore,Singanallur(Uzhavar Sandhai ),Apple,American,Local,12000,15000,15000,11-Oct-21
193,Coimbatore,Singanallur(Uzhavar Sandhai ),Apple,American,Local,12000,15000,15000,12-Oct-21
194,Coimbatore,Singanallur(Uzhavar Sandhai ),Apple,American,Local,12000,15000,15000,13-Nov-21
195,Coimbatore,Singanallur(Uzhavar Sandhai ),Apple,American,Local,12000,15000,15000,13-Oct-21
196,Coimbatore,Singanallur(Uzhavar Sandhai ),Apple,American,Local,12000,15000,15000,14-Nov-21
197,Coimbatore,Singanallur(Uzhavar Sandhai ),Apple,American,Local,12000,15000,15000,18-Nov-21
198,Coimbatore,Singanallur(Uzhavar Sandhai ),Apple,American,Local,12000,15000,15000,19-Sep-21
199,Coimbatore,Singanallur(Uzhavar Sandhai ),Apple,American,Local,12000,15000,15000,20-Sep-21
200,Coimbatore,Singanallur(Uzhavar Sandhai ),Apple,American,Local,12000,15000,15000,22-Oct-21
201,Coimbatore,Singanallur(Uzhavar Sandhai ),Apple,American,Local,12000,15000,15000,23-Nov-22
202,Coimbatore,Singanallur(Uzhavar Sandhai ),Apple,American,Local,12000,15000,15000,24-Nov-22
203,Coimbatore,Singanallur(Uzhavar Sandhai ),Apple,American,Local,12000,15000,15000,24-Oct-22
204,Coimbatore,Singanallur(Uzhavar Sandhai ),Apple,American,Local,12000,15000,15000,25-Oct-22
205,Coimbatore,Singanallur(Uzhavar Sandhai ),Apple,American,Local,12000,15000,15000,26-Oct-22
206,Coimbatore,Singanallur(Uzhavar Sandhai ),Apple,American,Local,13000,14000,14000,10-Nov-22
207,Coimbatore,Singanallur(Uzhavar Sandhai ),Apple,American,Local,13000,15000,15000,11-Sep-22
208,Coimbatore,Singanallur(Uzhavar Sandhai ),Apple,American,Local,13000,15000,15000,21-Sep-22
209,Coimbatore,Singanallur(Uzhavar Sandhai ),Apple,American,Local,13000,15000,15000,22-Sep-22
210,Coimbatore,Singanallur(Uzhavar Sandhai ),Apple,American,Local,13000,15000,15000,26-Nov-22
211,Coimbatore,Singanallur(Uzhavar Sandhai ),Apple,American,Local,13000,15000,15000,27-Nov-22
212,Coimbatore,Singanallur(Uzhavar Sandhai ),Apple,American,Local,13000,15000,15000,30-Sep-22
213,Coimbatore,Singanallur(Uzhavar Sandhai ),Apple,American,Local,14000,15000,15000,01-Oct-22
214,Coimbatore,Singanallur(Uzhavar Sandhai ),Apple,American,Local,14000,15000,15000,02-Oct-22
215,Coimbatore,Singanallur(Uzhavar Sandhai ),Apple,American,Local,14000,15000,15000,03-Oct-22
216,Coimbatore,Singanallur(Uzhavar Sandhai ),Apple,American,Local,14000,15000,15000,09-Sep-22
217,Coimbatore,Singanallur(Uzhavar Sandhai ),Apple,American,Local,14000,15000,15000,10-Sep-22
218,Coimbatore,Singanallur(Uzhavar Sandhai ),Apple,American,Local,14000,15000,15000,15-Nov-22
219,Coimbatore,Singanallur(Uzhavar Sandhai ),Apple,American,Local,14000,15000,15000,19-Dec-22
220,Coimbatore,Singanallur(Uzhavar Sandhai ),Apple,American,Local,14000,15000,15000,20-Dec-22
221,Coimbatore,Singanallur(Uzhavar Sandhai ),Apple,American,Local,14000,15000,15000,21-Oct-22
222,Coimbatore,Singanallur(Uzhavar Sandhai ),Apple,American,Local,14000,15000,15000,25-Nov-22
223,Coimbatore,Singanallur(Uzhavar Sandhai ),Apple,American,Local,14000,15000,15000,28-Nov-22
224,Coimbatore,Singanallur(Uzhavar Sandhai ),Apple,American,Local,14000,15000,15000,29-Nov-22
225,Coimbatore,Singanallur(Uzhavar Sandhai ),Apple,American,Local,14000,15000,15000,29-Sep-22
226,Coimbatore,Singanallur(Uzhavar Sandhai ),Apple,American,Local,15000,18000,18000,05-Dec-22
227,Coimbatore,Singanallur(Uzhavar Sandhai ),Apple,American,Local,15000,18000,18000,21-Nov-22
228,Coimbatore,Singanallur(Uzhavar Sandhai ),Apple,American,Local,15000,20000,20000,09-Dec-22
229,Coimbatore,Singanallur(Uzhavar Sandhai ),Apple,American,Local,15000,20000,20000,14-Dec-22
230,Coimbatore,Singanallur(Uzhavar Sandhai ),Apple,American,Local,16000,17000,17000,07-Dec-22
231,Coimbatore,Singanallur(Uzhavar Sandhai ),Apple,American,Local,16000,17000,17000,11-Dec-22
232,Coimbatore,Singanallur(Uzhavar Sandhai ),Apple,American,Local,16000,18000,18000,20-Nov-22
233,Coimbatore,Singanallur(Uzhavar Sandhai ),Apple,American,Local,16000,20000,20000,06-Dec-22
234,Coimbatore,Singanallur(Uzhavar Sandhai ),Apple,American,Local,18000,20000,20000,01-Sep-22
235,Coimbatore,Singanallur(Uzhavar Sandhai ),Apple,American,Local,18000,20000,20000,08-Dec-22
236,Coimbatore,Singanallur(Uzhavar Sandhai ),Apple,American,Local,18000,20000,20000,10-Dec-22
237,Coimbatore,Singanallur(Uzhavar Sandhai ),Apple,American,Local,18000,20000,20000,12-Dec-22
238,Coimbatore,Singanallur(Uzhavar Sandhai ),Apple,American,Local,18000,20000,20000,13-Dec-22
239,Coimbatore,Singanallur(Uzhavar Sandhai ),Apple,American,Local,18000,20000,20000,15-Dec-22
240,Coimbatore,Singanallur(Uzhavar Sandhai ),Apple,American,Local,18000,20000,20000,21-Dec-22
241,Coimbatore,Singanallur(Uzhavar Sandhai ),Apple,American,Local,18000,20000,20000,23-Dec-22
242,Coimbatore,Singanallur(Uzhavar Sandhai ),Apple,American,Local,18000,20000,20000,25-Dec-22
243,Coimbatore,Singanallur(Uzhavar Sandhai ),Apple,American,Local,18000,20000,20000,26-Dec-22
244,Coimbatore,Singanallur(Uzhavar Sandhai ),Apple,American,Local,18000,20000,20000,27-Dec-22
245,Coimbatore,Singanallur(Uzhavar Sandhai ),Apple,American,Local,18000,20000,20000,28-Dec-22
246,Coimbatore,Singanallur(Uzhavar Sandhai ),Apple,American,Local,18000,20000,20000,29-Dec-22
247,Coimbatore,Singanallur(Uzhavar Sandhai ),Apple,American,Local,18000,20000,20000,31-Dec-22
248,Coimbatore,Singanallur(Uzhavar Sandhai ),Apple,American,Local,19000,20000,20000,04-Dec-22
249,Coimbatore,Singanallur(Uzhavar Sandhai ),Apple,American,Local,20000,22000,22000,01-Aug-22
250,Coimbatore,Singanallur(Uzhavar Sandhai ),Apple,American,Local,20000,22000,22000,02-Aug-22
251,Coimbatore,Singanallur(Uzhavar Sandhai ),Apple,American,Local,20000,22000,22000,02-Sep-22
252,Coimbatore,Singanallur(Uzhavar Sandhai ),Apple,American,Local,20000,22000,22000,03-Aug-22
253,Coimbatore,Singanallur(Uzhavar Sandhai ),Apple,American,Local,20000,22000,22000,03-Sep-22
254,Coimbatore,Singanallur(Uzhavar Sandhai ),Apple,American,Local,20000,22000,22000,04-Aug-22
255,Coimbatore,Singanallur(Uzhavar Sandhai ),Apple,American,Local,20000,22000,22000,04-Sep-22
256,Coimbatore,Singanallur(Uzhavar Sandhai ),Apple,American,Local,20000,22000,22000,05-Sep-22
257,Coimbatore,Singanallur(Uzhavar Sandhai ),Apple,American,Local,20000,22000,22000,06-Sep-22
258,Coimbatore,Singanallur(Uzhavar Sandhai ),Apple,American,Local,20000,22000,22000,07-Aug-22
259,Coimbatore,Singanallur(Uzhavar Sandhai ),Apple,American,Local,20000,22000,22000,07-Sep-22
260,Coimbatore,Singanallur(Uzhavar Sandhai ),Apple,American,Local,20000,22000,22000,08-Aug-22
261,Coimbatore,Singanallur(Uzhavar Sandhai ),Apple,American,Local,20000,22000,22000,08-Sep-22
262,Coimbatore,Singanallur(Uzhavar Sandhai ),Apple,American,Local,20000,22000,22000,10-Aug-22
263,Coimbatore,Singanallur(Uzhavar Sandhai ),Apple,American,Local,20000,22000,22000,11-Aug-22
264,Coimbatore,Singanallur(Uzhavar Sandhai ),Apple,American,Local,20000,22000,22000,12-Aug-22
265,Coimbatore,Singanallur(Uzhavar Sandhai ),Apple,American,Local,20000,22000,22000,13-Aug-22
266,Coimbatore,Singanallur(Uzhavar Sandhai ),Apple,American,Local,20000,22000,22000,14-Aug-22
267,Coimbatore,Singanallur(Uzhavar Sandhai ),Apple,American,Local,20000,22000,22000,16-Jul-22
268,Coimbatore,Singanallur(Uzhavar Sandhai ),Apple,American,Local,20000,22000,22000,17-Jul-22
269,Coimbatore,Singanallur(Uzhavar Sandhai ),Apple,American,Local,20000,22000,22000,18-Jul-22
270,Coimbatore,Singanallur(Uzhavar Sandhai ),Apple,American,Local,20000,22000,22000,20-Jul-22
271,Coimbatore,Singanallur(Uzhavar Sandhai ),Apple,American,Local,20000,22000,22000,21-Jul-22
272,Coimbatore,Singanallur(Uzhavar Sandhai ),Apple,American,Local,20000,22000,22000,22-Jul-22
273,Coimbatore,Singanallur(Uzhavar Sandhai ),Apple,American,Local,20000,22000,22000,23-Jul-22
274,Coimbatore,Singanallur(Uzhavar Sandhai ),Apple,American,Local,20000,22000,22000,24-Aug-22
275,Coimbatore,Singanallur(Uzhavar Sandhai ),Apple,American,Local,20000,22000,22000,24-Jul-22
276,Coimbatore,Singanallur(Uzhavar Sandhai ),Apple,American,Local,20000,22000,22000,25-Aug-22
277,Coimbatore,Singanallur(Uzhavar Sandhai ),Apple,American,Local,20000,22000,22000,25-Jul-22
278,Coimbatore,Singanallur(Uzhavar Sandhai ),Apple,American,Local,20000,22000,22000,26-Aug-22
279,Coimbatore,Singanallur(Uzhavar Sandhai ),Apple,American,Local,20000,22000,22000,26-Jul-22
280,Coimbatore,Singanallur(Uzhavar Sandhai ),Apple,American,Local,20000,22000,22000,27-Aug-22
281,Coimbatore,Singanallur(Uzhavar Sandhai ),Apple,American,Local,20000,22000,22000,27-Jul-22
282,Coimbatore,Singanallur(Uzhavar Sandhai ),Apple,American,Local,20000,22000,22000,28-Aug-22
283,Coimbatore,Singanallur(Uzhavar Sandhai ),Apple,American,Local,20000,22000,22000,28-Jul-22
284,Coimbatore,Singanallur(Uzhavar Sandhai ),Apple,American,Local,20000,22000,22000,29-Aug-22
285,Coimbatore,Singanallur(Uzhavar Sandhai ),Apple,American,Local,20000,22000,22000,29-Jul-22
286,Coimbatore,Singanallur(Uzhavar Sandhai ),Apple,American,Local,20000,22000,22000,30-Aug-22
287,Coimbatore,Singanallur(Uzhavar Sandhai ),Apple,American,Local,20000,22000,22000,30-Jul-22
288,Coimbatore,Singanallur(Uzhavar Sandhai ),Apple,American,Local,20000,22000,22000,31-Aug-22
289,Coimbatore,Singanallur(Uzhavar Sandhai ),Apple,American,Local,20000,22000,22000,31-Jul-22
290,Coimbatore,Singanallur(Uzhavar Sandhai ),Apple,American,Local,20000,24000,24000,05-Aug-22
291,Coimbatore,Singanallur(Uzhavar Sandhai ),Apple,American,Local,20000,24000,24000,09-Aug-22
292,Coimbatore,Singanallur(Uzhavar Sandhai ),Apple,American,Local,20000,24000,24000,22-Aug-22
293,Coimbatore,Singanallur(Uzhavar Sandhai ),Apple,American,Local,20000,24000,24000,23-Aug-22
294,Coimbatore,Singanallur(Uzhavar Sandhai ),Apple,American,Local,20000,25000,25000,17-Aug-22
295,Coimbatore,Singanallur(Uzhavar Sandhai ),Apple,American,Local,20000,25000,25000,18-Aug-22
296,Coimbatore,Singanallur(Uzhavar Sandhai ),Apple,American,Local,22000,24000,24000,06-Aug-22
297,Coimbatore,Singanallur(Uzhavar Sandhai ),Apple,American,Local,22000,24000,24000,20-Aug-22
298,Coimbatore,Singanallur(Uzhavar Sandhai ),Apple,American,Local,22000,24000,24000,21-Aug-22
299,Coimbatore,Singanallur(Uzhavar Sandhai ),Apple,American,Local,22000,25000,25000,19-Aug-22
300,Coimbatore,Vadavalli(Uzhavar Sandhai ),Apple,American,Local,10000,14000,14000,15-Oct-22
301,Coimbatore,Vadavalli(Uzhavar Sandhai ),Apple,American,Local,10000,15000,15000,09-Oct-23
302,Coimbatore,Vadavalli(Uzhavar Sandhai ),Apple,American,Local,11000,14000,14000,12-Oct-23
303,Coimbatore,Vadavalli(Uzhavar Sandhai ),Apple,American,Local,12000,14000,14000,01-Nov-23
304,Coimbatore,Vadavalli(Uzhavar Sandhai ),Apple,American,Local,12000,14000,14000,02-Nov-23
305,Coimbatore,Vadavalli(Uzhavar Sandhai ),Apple,American,Local,12000,14000,14000,03-Nov-23
306,Coimbatore,Vadavalli(Uzhavar Sandhai ),Apple,American,Local,12000,14000,14000,04-Nov-23
307,Coimbatore,Vadavalli(Uzhavar Sandhai ),Apple,American,Local,12000,14000,14000,04-Oct-23
308,Coimbatore,Vadavalli(Uzhavar Sandhai ),Apple,American,Local,12000,14000,14000,05-Nov-23
309,Coimbatore,Vadavalli(Uzhavar Sandhai ),Apple,American,Local,12000,14000,14000,05-Oct-23
310,Coimbatore,Vadavalli(Uzhavar Sandhai ),Apple,American,Local,12000,14000,14000,06-Nov-23
311,Coimbatore,Vadavalli(Uzhavar Sandhai ),Apple,American,Local,12000,14000,14000,06-Oct-23
312,Coimbatore,Vadavalli(Uzhavar Sandhai ),Apple,American,Local,12000,14000,14000,07-Oct-23
313,Coimbatore,Vadavalli(Uzhavar Sandhai ),Apple,American,Local,12000,14000,14000,08-Oct-23
314,Coimbatore,Vadavalli(Uzhavar Sandhai ),Apple,American,Local,12000,14000,14000,10-Oct-23
315,Coimbatore,Vadavalli(Uzhavar Sandhai ),Apple,American,Local,12000,14000,14000,11-Oct-23
316,Coimbatore,Vadavalli(Uzhavar Sandhai ),Apple,American,Local,12000,14000,14000,13-Oct-23
317,Coimbatore,Vadavalli(Uzhavar Sandhai ),Apple,American,Local,12000,14000,14000,14-Oct-23
318,Coimbatore,Vadavalli(Uzhavar Sandhai ),Apple,American,Local,12000,14000,14000,16-Oct-23
319,Coimbatore,Vadavalli(Uzhavar Sandhai ),Apple,American,Local,12000,14000,14000,17-Oct-23
320,Coimbatore,Vadavalli(Uzhavar Sandhai ),Apple,American,Local,12000,14000,14000,18-Oct-23
321,Coimbatore,Vadavalli(Uzhavar Sandhai ),Apple,American,Local,12000,14000,14000,19-Oct-23
322,Coimbatore,Vadavalli(Uzhavar Sandhai ),Apple,American,Local,12000,14000,14000,20-Oct-23
323,Coimbatore,Vadavalli(Uzhavar Sandhai ),Apple,American,Local,12000,14000,14000,21-Oct-23
324,Coimbatore,Vadavalli(Uzhavar Sandhai ),Apple,American,Local,12000,14000,14000,22-Oct-23
325,Coimbatore,Vadavalli(Uzhavar Sandhai ),Apple,American,Local,12000,14000,14000,23-Oct-23
326,Coimbatore,Vadavalli(Uzhavar Sandhai ),Apple,American,Local,12000,14000,14000,24-Oct-23
327,Coimbatore,Vadavalli(Uzhavar Sandhai ),Apple,American,Local,12000,14000,14000,25-Oct-23
328,Coimbatore,Vadavalli(Uzhavar Sandhai ),Apple,American,Local,12000,14000,14000,26-Oct-23
329,Coimbatore,Vadavalli(Uzhavar Sandhai ),Apple,American,Local,12000,14000,14000,27-Oct-23
330,Coimbatore,Vadavalli(Uzhavar Sandhai ),Apple,American,Local,12000,14000,14000,28-Oct-23
331,Coimbatore,Vadavalli(Uzhavar Sandhai ),Apple,American,Local,12000,14000,14000,29-Oct-23
332,Coimbatore,Vadavalli(Uzhavar Sandhai ),Apple,American,Local,12000,14000,14000,30-Oct-23
333,Coimbatore,Vadavalli(Uzhavar Sandhai ),Apple,American,Local,12000,14000,14000,31-Oct-23
334,Coimbatore,Vadavalli(Uzhavar Sandhai ),Apple,American,Local,12000,15000,15000,07-Nov-23
335,Coimbatore,Vadavalli(Uzhavar Sandhai ),Apple,American,Local,12000,16000,16000,09-Nov-23
336,Coimbatore,Vadavalli(Uzhavar Sandhai ),Apple,American,Local,12000,16000,16000,10-Nov-23
337,Coimbatore,Vadavalli(Uzhavar Sandhai ),Apple,American,Local,12000,16000,16000,13-Nov-23
338,Coimbatore,Vadavalli(Uzhavar Sandhai ),Apple,American,Local,12000,16000,16000,17-Nov-23
339,Coimbatore,Vadavalli(Uzhavar Sandhai ),Apple,American,Local,14000,16000,16000,08-Nov-23
340,Coimbatore,Vadavalli(Uzhavar Sandhai ),Apple,American,Local,14000,16000,16000,11-Nov-23
341,Coimbatore,Vadavalli(Uzhavar Sandhai ),Apple,American,Local,14000,16000,16000,14-Nov-23
342,Coimbatore,Vadavalli(Uzhavar Sandhai ),Apple,American,Local,14000,16000,16000,19-Nov-23
343,Coimbatore,Vadavalli(Uzhavar Sandhai ),Apple,American,Local,14000,18000,18000,12-Nov-23
344,Coimbatore,Vadavalli(Uzhavar Sandhai ),Apple,American,Local,14000,18000,18000,15-Nov-23
345,Coimbatore,Vadavalli(Uzhavar Sandhai ),Apple,American,Local,14000,18000,18000,16-Nov-23
346,Coimbatore,Vadavalli(Uzhavar Sandhai ),Apple,American,Local,14000,18000,18000,18-Nov-23
347,Coimbatore,Vadavalli(Uzhavar Sandhai ),Apple,American,Local,14000,18000,18000,20-Nov-23
348,Coimbatore,Vadavalli(Uzhavar Sandhai ),Apple,American,Local,14000,18000,18000,21-Nov-23
349,Coimbatore,Vadavalli(Uzhavar Sandhai ),Apple,American,Local,14000,18000,18000,22-Nov-23
350,Coimbatore,Vadavalli(Uzhavar Sandhai ),Apple,American,Local,14000,19000,19000,07-Dec-23
351,Coimbatore,Vadavalli(Uzhavar Sandhai ),Apple,American,Local,14000,19000,19000,09-Dec-23
352,Coimbatore,Vadavalli(Uzhavar Sandhai ),Apple,American,Local,14000,19000,19000,15-Dec-23
353,Coimbatore,Vadavalli(Uzhavar Sandhai ),Apple,American,Local,14000,19000,19000,29-Nov-23
354,Coimbatore,Vadavalli(Uzhavar Sandhai ),Apple,American,Local,14000,20000,20000,25-Dec-23
355,Coimbatore,Vadavalli(Uzhavar Sandhai ),Apple,American,Local,14000,20000,20000,28-Nov-23
356,Coimbatore,Vadavalli(Uzhavar Sandhai ),Apple,American,Local,14000,21000,21000,03-Oct-23
357,Coimbatore,Vadavalli(Uzhavar Sandhai ),Apple,American,Local,15000,18000,18000,24-Nov-23
358,Coimbatore,Vadavalli(Uzhavar Sandhai ),Apple,American,Local,15000,19000,19000,08-Dec-23
359,Coimbatore,Vadavalli(Uzhavar Sandhai ),Apple,American,Local,15000,19000,19000,12-Dec-23
360,Coimbatore,Vadavalli(Uzhavar Sandhai ),Apple,American,Local,15000,19000,19000,26-Nov-23
361,Coimbatore,Vadavalli(Uzhavar Sandhai ),Apple,American,Local,16000,19000,19000,02-Dec-23
362,Coimbatore,Vadavalli(Uzhavar Sandhai ),Apple,American,Local,16000,19000,19000,03-Dec-23
363,Coimbatore,Vadavalli(Uzhavar Sandhai ),Apple,American,Local,16000,19000,19000,04-Dec-23
364,Coimbatore,Vadavalli(Uzhavar Sandhai ),Apple,American,Local,16000,19000,19000,05-Dec-23
365,Coimbatore,Vadavalli(Uzhavar Sandhai ),Apple,American,Local,16000,19000,19000,06-Dec-23
366,Coimbatore,Vadavalli(Uzhavar Sandhai ),Apple,American,Local,16000,19000,19000,10-Dec-23
367,Coimbatore,Vadavalli(Uzhavar Sandhai ),Apple,American,Local,16000,19000,19000,11-Dec-23
368,Coimbatore,Vadavalli(Uzhavar Sandhai ),Apple,American,Local,16000,19000,19000,13-Dec-23
369,Coimbatore,Vadavalli(Uzhavar Sandhai ),Apple,American,Local,16000,19000,19000,14-Dec-23
370,Coimbatore,Vadavalli(Uzhavar Sandhai ),Apple,American,Local,16000,19000,19000,16-Dec-23
371,Coimbatore,Vadavalli(Uzhavar Sandhai ),Apple,American,Local,16000,19000,19000,17-Dec-23
372,Coimbatore,Vadavalli(Uzhavar Sandhai ),Apple,American,Local,16000,19000,19000,18-Dec-23
373,Coimbatore,Vadavalli(Uzhavar Sandhai ),Apple,American,Local,16000,19000,19000,19-Dec-23
374,Coimbatore,Vadavalli(Uzhavar Sandhai ),Apple,American,Local,16000,19000,19000,20-Dec-23
375,Coimbatore,Vadavalli(Uzhavar Sandhai ),Apple,American,Local,16000,19000,19000,23-Nov-23
376,Coimbatore,Vadavalli(Uzhavar Sandhai ),Apple,American,Local,16000,19000,19000,25-Nov-23
377,Coimbatore,Vadavalli(Uzhavar Sandhai ),Apple,American,Local,16000,19000,19000,27-Nov-23
378,Coimbatore,Vadavalli(Uzhavar Sandhai ),Apple,American,Local,16000,20000,20000,21-Dec-23
379,Coimbatore,Vadavalli(Uzhavar Sandhai ),Apple,American,Local,16000,20000,20000,22-Dec-23
380,Coimbatore,Vadavalli(Uzhavar Sandhai ),Apple,American,Local,16000,20000,20000,23-Dec-23
381,Coimbatore,Vadavalli(Uzhavar Sandhai ),Apple,American,Local,16000,20000,20000,23-Jul-23
382,Coimbatore,Vadavalli(Uzhavar Sandhai ),Apple,American,Local,16000,20000,20000,27-Dec-23
383,Coimbatore,Vadavalli(Uzhavar Sandhai ),Apple,American,Local,16000,20000,20000,28-Dec-23
384,Coimbatore,Vadavalli(Uzhavar Sandhai ),Apple,American,Local,16000,20000,20000,29-Dec-23
385,Coimbatore,Vadavalli(Uzhavar Sandhai ),Apple,American,Local,16000,20000,20000,30-Dec-23
386,Coimbatore,Vadavalli(Uzhavar Sandhai ),Apple,American,Local,16000,20000,20000,31-Dec-23
387,Coimbatore,Vadavalli(Uzhavar Sandhai ),Apple,American,Local,16000,24000,24000,03-Aug-23
388,Coimbatore,Vadavalli(Uzhavar Sandhai ),Apple,American,Local,16000,24000,24000,17-Jul-23
389,Coimbatore,Vadavalli(Uzhavar Sandhai ),Apple,American,Local,16000,24000,24000,21-Jul-23
390,Coimbatore,Vadavalli(Uzhavar Sandhai ),Apple,American,Local,16000,24000,24000,29-Sep-23
391,Coimbatore,Vadavalli(Uzhavar Sandhai ),Apple,American,Local,17000,20000,20000,24-Dec-23
392,Coimbatore,Vadavalli(Uzhavar Sandhai ),Apple,American,Local,18000,20000,20000,26-Dec-23
393,Coimbatore,Vadavalli(Uzhavar Sandhai ),Apple,American,Local,18000,24000,24000,01-Oct-23
394,Coimbatore,Vadavalli(Uzhavar Sandhai ),Apple,American,Local,18000,24000,24000,02-Sep-23
395,Coimbatore,Vadavalli(Uzhavar Sandhai ),Apple,American,Local,18000,24000,24000,05-Aug-23
396,Coimbatore,Vadavalli(Uzhavar Sandhai ),Apple,American,Local,18000,24000,24000,17-Sep-23
397,Coimbatore,Vadavalli(Uzhavar Sandhai ),Apple,American,Local,18000,24000,24000,18-Sep-23
398,Coimbatore,Vadavalli(Uzhavar Sandhai ),Apple,American,Local,18000,24000,24000,20-Jul-23
399,Coimbatore,Vadavalli(Uzhavar Sandhai ),Apple,American,Local,18000,24000,24000,28-Jul-23
400,Coimbatore,Vadavalli(Uzhavar Sandhai ),Apple,American,Local,18000,24000,24000,28-Sep-23
401,Coimbatore,Vadavalli(Uzhavar Sandhai ),Apple,American,Local,18000,24000,24000,29-Jul-24
402,Coimbatore,Vadavalli(Uzhavar Sandhai ),Apple,American,Local,18000,24000,24000,30-Sep-24
403,Coimbatore,Vadavalli(Uzhavar Sandhai ),Apple,American,Local,20000,24000,24000,01-Aug-24
404,Coimbatore,Vadavalli(Uzhavar Sandhai ),Apple,American,Local,20000,24000,24000,06-Sep-24
405,Coimbatore,Vadavalli(Uzhavar Sandhai ),Apple,American,Local,20000,24000,24000,07-Sep-24
406,Coimbatore,Vadavalli(Uzhavar Sandhai ),Apple,American,Local,20000,24000,24000,12-Aug-24
407,Coimbatore,Vadavalli(Uzhavar Sandhai ),Apple,American,Local,20000,24000,24000,13-Aug-24
408,Coimbatore,Vadavalli(Uzhavar Sandhai ),Apple,American,Local,20000,24000,24000,14-Aug-24
409,Coimbatore,Vadavalli(Uzhavar Sandhai ),Apple,American,Local,20000,24000,24000,16-Jul-24
410,Coimbatore,Vadavalli(Uzhavar Sandhai ),Apple,American,Local,20000,24000,24000,18-Jul-24
411,Coimbatore,Vadavalli(Uzhavar Sandhai ),Apple,American,Local,20000,24000,24000,19-Aug-24
412,Coimbatore,Vadavalli(Uzhavar Sandhai ),Apple,American,Local,20000,24000,24000,19-Jul-24
413,Coimbatore,Vadavalli(Uzhavar Sandhai ),Apple,American,Local,20000,24000,24000,19-Sep-24
414,Coimbatore,Vadavalli(Uzhavar Sandhai ),Apple,American,Local,20000,24000,24000,20-Sep-24
415,Coimbatore,Vadavalli(Uzhavar Sandhai ),Apple,American,Local,20000,24000,24000,21-Sep-24
416,Coimbatore,Vadavalli(Uzhavar Sandhai ),Apple,American,Local,20000,24000,24000,22-Jul-24
417,Coimbatore,Vadavalli(Uzhavar Sandhai ),Apple,American,Local,20000,24000,24000,24-Jul-24
418,Coimbatore,Vadavalli(Uzhavar Sandhai ),Apple,American,Local,20000,24000,24000,24-Sep-24
419,Coimbatore,Vadavalli(Uzhavar Sandhai ),Apple,American,Local,20000,24000,24000,25-Jul-24
420,Coimbatore,Vadavalli(Uzhavar Sandhai ),Apple,American,Local,20000,24000,24000,25-Sep-24
421,Coimbatore,Vadavalli(Uzhavar Sandhai ),Apple,American,Local,20000,24000,24000,26-Jul-24
422,Coimbatore,Vadavalli(Uzhavar Sandhai ),Apple,American,Local,20000,24000,24000,26-Sep-24
423,Coimbatore,Vadavalli(Uzhavar Sandhai ),Apple,American,Local,20000,24000,24000,27-Jul-24
424,Coimbatore,Vadavalli(Uzhavar Sandhai ),Apple,American,Local,20000,24000,24000,27-Sep-24
425,Coimbatore,Vadavalli(Uzhavar Sandhai ),Apple,American,Local,20000,24000,24000,30-Jul-24
426,Coimbatore,Vadavalli(Uzhavar Sandhai ),Apple,American,Local,20000,24000,24000,31-Jul-24
427,Coimbatore,Vadavalli(Uzhavar Sandhai ),Apple,American,Local,21000,24000,24000,01-Sep-24
428,Coimbatore,Vadavalli(Uzhavar Sandhai ),Apple,American,Local,21000,24000,24000,02-Aug-24
429,Coimbatore,Vadavalli(Uzhavar Sandhai ),Apple,American,Local,21000,24000,24000,02-Oct-24
430,Coimbatore,Vadavalli(Uzhavar Sandhai ),Apple,American,Local,21000,24000,24000,03-Sep-24
431,Coimbatore,Vadavalli(Uzhavar Sandhai ),Apple,American,Local,21000,24000,24000,04-Aug-24
432,Coimbatore,Vadavalli(Uzhavar Sandhai ),Apple,American,Local,21000,24000,24000,04-Sep-24
433,Coimbatore,Vadavalli(Uzhavar Sandhai ),Apple,American,Local,21000,24000,24000,05-Sep-24
434,Coimbatore,Vadavalli(Uzhavar Sandhai ),Apple,American,Local,21000,24000,24000,06-Aug-24
435,Coimbatore,Vadavalli(Uzhavar Sandhai ),Apple,American,Local,21000,24000,24000,07-Aug-24
436,Coimbatore,Vadavalli(Uzhavar Sandhai ),Apple,American,Local,21000,24000,24000,08-Aug-24
437,Coimbatore,Vadavalli(Uzhavar Sandhai ),Apple,American,Local,21000,24000,24000,08-Sep-24
438,Coimbatore,Vadavalli(Uzhavar Sandhai ),Apple,American,Local,21000,24000,24000,09-Aug-24
439,Coimbatore,Vadavalli(Uzhavar Sandhai ),Apple,American,Local,21000,24000,24000,09-Sep-24
440,Coimbatore,Vadavalli(Uzhavar Sandhai ),Apple,American,Local,21000,24000,24000,10-Aug-24
441,Coimbatore,Vadavalli(Uzhavar Sandhai ),Apple,American,Local,21000,24000,24000,10-Sep-24
442,Coimbatore,Vadavalli(Uzhavar Sandhai ),Apple,American,Local,21000,24000,24000,11-Sep-24
443,Coimbatore,Vadavalli(Uzhavar Sandhai ),Apple,American,Local,21000,24000,24000,12-Sep-24
444,Coimbatore,Vadavalli(Uzhavar Sandhai ),Apple,American,Local,21000,24000,24000,13-Sep-24
445,Coimbatore,Vadavalli(Uzhavar Sandhai ),Apple,American,Local,21000,24000,24000,14-Sep-24
446,Coimbatore,Vadavalli(Uzhavar Sandhai ),Apple,American,Local,21000,24000,24000,15-Sep-24
447,Coimbatore,Vadavalli(Uzhavar Sandhai ),Apple,American,Local,21000,24000,24000,16-Aug-24
448,Coimbatore,Vadavalli(Uzhavar Sandhai ),Apple,American,Local,21000,24000,24000,16-Sep-24
449,Coimbatore,Vadavalli(Uzhavar Sandhai ),Apple,American,Local,21000,24000,24000,17-Aug-24
450,Coimbatore,Vadavalli(Uzhavar Sandhai ),Apple,American,Local,21000,24000,24000,18-Aug-24
451,Coimbatore,Vadavalli(Uzhavar Sandhai ),Apple,American,Local,21000,24000,24000,20-Aug-24
452,Coimbatore,Vadavalli(Uzhavar Sandhai ),Apple,American,Local,21000,24000,24000,21-Aug-24
453,Coimbatore,Vadavalli(Uzhavar Sandhai ),Apple,American,Local,21000,24000,24000,22-Aug-24
454,Coimbatore,Vadavalli(Uzhavar Sandhai ),Apple,American,Local,21000,24000,24000,22-Sep-24
455,Coimbatore,Vadavalli(Uzhavar Sandhai ),Apple,American,Local,21000,24000,24000,23-Aug-24
456,Coimbatore,Vadavalli(Uzhavar Sandhai ),Apple,American,Local,21000,24000,24000,23-Sep-24
457,Coimbatore,Vadavalli(Uzhavar Sandhai ),Apple,American,Local,21000,24000,24000,24-Aug-24
458,Coimbatore,Vadavalli(Uzhavar Sandhai ),Apple,American,Local,21000,24000,24000,25-Aug-24
459,Coimbatore,Vadavalli(Uzhavar Sandhai ),Apple,American,Local,21000,24000,24000,26-Aug-24
460,Coimbatore,Vadavalli(Uzhavar Sandhai ),Apple,American,Local,21000,24000,24000,27-Aug-24
461,Coimbatore,Vadavalli(Uzhavar Sandhai ),Apple,American,Local,21000,24000,24000,28-Aug-24
462,Coimbatore,Vadavalli(Uzhavar Sandhai ),Apple,American,Local,21000,24000,24000,29-Aug-24
463,Coimbatore,Vadavalli(Uzhavar Sandhai ),Apple,American,Local,21000,24000,24000,30-Aug-24
464,Coimbatore,Vadavalli(Uzhavar Sandhai ),Apple,American,Local,21000,24000,24000,31-Aug-24
465,Coimbatore,Vadavalli(Uzhavar Sandhai ),Apple,American,Local,22000,24000,24000,11-Aug-24
466,Coimbatore,Vadavalli(Uzhavar Sandhai ),Apple,American,Local,22000,24000,24000,15-Aug-24
467,Coimbatore,Vadavalli(Uzhavar Sandhai ),Apple,American,Local,18000,22000,22000,21-Feb-25
468,Coimbatore,Singanallur(Uzhavar Sandhai ),Apple,American,Local,18000,20000,20000,21-Feb-25
469,Coimbatore,Singanallur(Uzhavar Sandhai ),Apple,American,Local,18000,22000,22000,22-Feb-25
470,Coimbatore,Vadavalli(Uzhavar Sandhai ),Apple,American,Local,16000,22000,22000,22-Feb-25
471,Coimbatore,RSPuram(Uzhavar Sandhai ),Apple,American,Local,14000,22000,22000,22-Feb-25
472,Coimbatore,RSPuram(Uzhavar Sandhai ),Apple,American,Local,14000,22000,22000,23-Feb-25
473,Coimbatore,Singanallur(Uzhavar Sandhai ),Apple,American,Local,18000,20000,20000,23-Feb-25
474,Coimbatore,Vadavalli(Uzhavar Sandhai ),Apple,American,Local,18000,22000,22000,23-Feb-25
475,Coimbatore,Singanallur(Uzhavar Sandhai ),Apple,American,Local,18000,20000,20000,26-Feb-25
476,Coimbatore,RSPuram(Uzhavar Sandhai ),Apple,American,Local,14000,22000,22000,26-Feb-25
477,Coimbatore,Vadavalli(Uzhavar Sandhai ),Apple,American,Local,18000,22000,22000,26-Feb-25
478,Coimbatore,Vadavalli(Uzhavar Sandhai ),Apple,American,Local,18000,22000,22000,27-Feb-25
479,Coimbatore,Singanallur(Uzhavar Sandhai ),Apple,American,Local,18000,20000,20000,27-Feb-25
480,Coimbatore,RSPuram(Uzhavar Sandhai ),Apple,American,Local,14000,22000,22000,27-Feb-25
481,Coimbatore,Vadavalli(Uzhavar Sandhai ),Apple,American,Local,18000,22000,22000,28-Feb-25
482,Coimbatore,RSPuram(Uzhavar Sandhai ),Apple,American,Local,14000,22000,22000,28-Feb-25
483,Coimbatore,Singanallur(Uzhavar Sandhai ),Apple,American,Local,18000,20000,20000,28-Feb-25
484,Coimbatore,Vadavalli(Uzhavar Sandhai ),Apple,American,Local,18000,22000,22000,01-Mar-25
485,Coimbatore,Singanallur(Uzhavar Sandhai ),Apple,American,Local,18000,20000,20000,01-Mar-25
486,Coimbatore,RSPuram(Uzhavar Sandhai ),Apple,American,Local,14000,22000,22000,01-Mar-25
487,Coimbatore,Vadavalli(Uzhavar Sandhai ),Apple,American,American,19000,22000,22000,06-Apr-25
488,Coimbatore,RSPuram(Uzhavar Sandhai ),Apple,American,American,14000,22000,22000,09-Apr-25
489,Coimbatore,Singanallur(Uzhavar Sandhai ),Apple,American,American,20000,22000,22000,09-Apr-25
490,Coimbatore,Singanallur(Uzhavar Sandhai ),Apple,American,American,20000,22000,22000,11-Apr-25
491,Coimbatore,Vadavalli(Uzhavar Sandhai ),Apple,American,American,18000,22000,22000,11-Apr-25
492,Coimbatore,RSPuram(Uzhavar Sandhai ),Apple,American,American,14000,22000,22000,11-Apr-25
493,Coimbatore,Singanallur(Uzhavar Sandhai ),Apple,American,American,20000,22000,22000,04-May-25
494,Coimbatore,Vadavalli(Uzhavar Sandhai ),Apple,American,American,18000,22000,22000,04-May-25
495,Coimbatore,RSPuram(Uzhavar Sandhai ),Apple,American,American,14000,22000,22000,04-May-25
496,Coimbatore,Ganapathy(Uzhavar Sandhai ),Apple,American,American,19500,22000,22000,04-May-25
